[{"first_name":"Pippa"},
{"first_name":"Tremayne"},
{"first_name":"Gwynne"},
{"first_name":"Cosette"},
{"first_name":"Hugues"},
{"first_name":"Julio"},
{"first_name":"Saunder"},
{"first_name":"Ronnie"},
{"first_name":"Xylia"},
{"first_name":"Ora"},
{"first_name":"Marty"},
{"first_name":"Bria"},
{"first_name":"Gunner"},
{"first_name":"Wenonah"},
{"first_name":"Meris"},
{"first_name":"Erek"},
{"first_name":"Leone"},
{"first_name":"Lanae"},
{"first_name":"Galvin"},
{"first_name":"Eleen"},
{"first_name":"Manny"},
{"first_name":"Audy"},
{"first_name":"Quintus"},
{"first_name":"Meggie"},
{"first_name":"Eldin"},
{"first_name":"Beaufort"},
{"first_name":"Erinna"},
{"first_name":"Lucille"},
{"first_name":"Irwinn"},
{"first_name":"Elysha"},
{"first_name":"Hadria"},
{"first_name":"Sharona"},
{"first_name":"Querida"},
{"first_name":"Wilone"},
{"first_name":"Clint"},
{"first_name":"Athene"},
{"first_name":"Martie"},
{"first_name":"Ram"},
{"first_name":"Artie"},
{"first_name":"Luciana"},
{"first_name":"Alikee"},
{"first_name":"Sosanna"},
{"first_name":"Delcina"},
{"first_name":"Eliza"},
{"first_name":"Kennett"},
{"first_name":"Kiley"},
{"first_name":"Sande"},
{"first_name":"Bell"},
{"first_name":"Shaine"},
{"first_name":"Peria"},
{"first_name":"Gilberto"},
{"first_name":"Gwendolin"},
{"first_name":"Orelee"},
{"first_name":"Amye"},
{"first_name":"Ricki"},
{"first_name":"Paulie"},
{"first_name":"Gerome"},
{"first_name":"Avis"},
{"first_name":"Worthy"},
{"first_name":"Sebastien"},
{"first_name":"Leslie"},
{"first_name":"Maurizia"},
{"first_name":"Luce"},
{"first_name":"Amalie"},
{"first_name":"Carlita"},
{"first_name":"Shel"},
{"first_name":"Bettine"},
{"first_name":"Camey"},
{"first_name":"Margie"},
{"first_name":"Cedric"},
{"first_name":"Sherri"},
{"first_name":"Chevy"},
{"first_name":"Ricki"},
{"first_name":"Gillie"},
{"first_name":"Atlante"},
{"first_name":"Louisette"},
{"first_name":"Kristi"},
{"first_name":"Sigismondo"},
{"first_name":"Sula"},
{"first_name":"Nellie"},
{"first_name":"Kelila"},
{"first_name":"Colver"},
{"first_name":"Moore"},
{"first_name":"Iosep"},
{"first_name":"Archer"},
{"first_name":"Ertha"},
{"first_name":"Curry"},
{"first_name":"Laurel"},
{"first_name":"Ginnifer"},
{"first_name":"Dollie"},
{"first_name":"Emili"},
{"first_name":"Papageno"},
{"first_name":"Avis"},
{"first_name":"Geoffry"},
{"first_name":"Beau"},
{"first_name":"Moshe"},
{"first_name":"Bahar"},
{"first_name":"Madelon"},
{"first_name":"Cindee"},
{"first_name":"Miguela"}]